species,state,location,pop,fishno,day,month,year,length_cm,folder,picname,cal,photoshop,included
australis,NSW,FORSTER,FO,F1,14,3,2019,21.4,AU,F1_Ha6043,189,N,Y
australis,NSW,FORSTER,FO,F2,14,3,2019,26.7,AU,F2_Ha6044,189,N,Y
australis,NSW,FORSTER,FO,F3,14,3,2019,22,AU,F3_Ha6045,189,N,Y
australis,NSW,FORSTER,FO,F4,14,3,2019,26.1,AU,F4_Ha6046,189,Y,Y
australis,NSW,FORSTER,FO,F5,14,3,2019,25.2,AU,F5_Ha6047,189,N,Y
australis,NSW,FORSTER,FO,F6,14,3,2019,25.6,AU,F6_Ha6048,189,Y,Y
australis,NSW,FORSTER,FO,F7,14,3,2019,22.3,AU,F7_Ha6049,189,N,Y
australis,NSW,FORSTER,FO,F8,14,3,2019,27.6,AU,F8_Ha6050,189,Y,N
australis,NSW,FORSTER,FO,F9,14,3,2019,23.8,AU,F9_Ha6051,189,N,Y
australis,NSW,FORSTER,FO,F10,14,3,2019,20.4,AU,F10_Ha6052,189,N,N
australis,NSW,FORSTER,FO,F11,14,3,2019,22.2,AU,F11_Ha6053,189,N,Y
australis,NSW,FORSTER,FO,F12,14,3,2019,21.6,AU,F12_Ha6054,189,N,Y
australis,NSW,FORSTER,FO,F13,14,3,2019,21.5,AU,F13_Ha6055,189,Y,Y
australis,NSW,FORSTER,FO,F14,14,3,2019,27.6,AU,F14_Ha6056,189,N,Y
australis,NSW,FORSTER,FO,F15,14,3,2019,21.2,AU,F15_Ha6057,189,Y,Y
australis,NSW,FORSTER,FO,F16,14,3,2019,21.7,AU,F16_Ha6058,189,N,Y
australis,NSW,FORSTER,FO,F17,14,3,2019,22,AU,F17_Ha6059,189,Y,Y
australis,NSW,FORSTER,FO,F18,14,3,2019,20.6,AU,F18_Ha6060,189,Y,N
australis,NSW,FORSTER,FO,F19,14,3,2019,19.9,AU,F19_Ha6061,189,N,Y
australis,NSW,FORSTER,FO,F20,14,3,2019,25.2,AU,F20_Ha6062,189,Y,Y
australis,NSW,TEA GARDENS,TG,TG1,4,4,2019,24.4,AU,TG1_Ha6163,189,Y,Y
australis,NSW,TEA GARDENS,TG,TG2,4,4,2019,25.5,AU,TG2_Ha6164,189,N,N
australis,NSW,TEA GARDENS,TG,TG3,4,4,2019,25,AU,TG3_Ha6165,189,N,Y
australis,NSW,TEA GARDENS,TG,TG4,4,4,2019,26.4,AU,TG4_Ha6166,189,Y,Y
australis,NSW,TEA GARDENS,TG,TG5,4,4,2019,27.4,AU,TG5_Ha6167,189,N,Y
australis,NSW,TEA GARDENS,TG,TG6,4,4,2019,26.6,AU,TG6_Ha6168,189,N,Y
australis,NSW,TEA GARDENS,TG,TG7,4,4,2019,27.2,AU,TG7_Ha6169,189,Y,Y
australis,NSW,TEA GARDENS,TG,TG8,4,4,2019,25.5,AU,TG8_Ha6170,189,Y,Y
australis,NSW,TEA GARDENS,TG,TG9,4,4,2019,26.3,AU,TG9_Ha6171,189,Y,Y
australis,NSW,TEA GARDENS,TG,TG10,4,4,2019,29.4,AU,TG10_Ha6172,189,N,Y
NA,NSW,TEA GARDENS,TG,TG11,4,4,2019,24.5,AU,TG11_Ha6173,189,N,Y
australis,NSW,TEA GARDENS,TG,TG12,4,4,2019,24.6,AU,TG12_Ha6174,189,N,Y
australis,NSW,TEA GARDENS,TG,TG13,4,4,2019,26.1,AU,TG13_Ha6175,189,Y,Y
australis,NSW,TEA GARDENS,TG,TG14,4,4,2019,23.5,AU,TG14_Ha6176,189,N,Y
australis,NSW,TEA GARDENS,TG,TG15,4,4,2019,24.5,AU,TG15_Ha6177,189,N,Y
australis,NSW,TEA GARDENS,TG,TG16,4,4,2019,26.4,AU,TG16_Ha6178,189,N,Y
australis,NSW,TEA GARDENS,TG,TG17,4,4,2019,27.1,AU,TG17_Ha6179,189,Y,N
melanochir,NSW,TEA GARDENS,TG,TG18,4,4,2019,23.8,AU,TG18_Ha6180,189,Y,Y
australis,NSW,TEA GARDENS,TG,TG19,4,4,2019,26.9,AU,TG19_Ha6181,189,N,Y
australis,NSW,TEA GARDENS,TG,TG20,4,4,2019,27.5,AU,TG20_Ha6182,189,N,Y
australis,NSW,NELSON BAY,NB,NB1,21,3,2019,32.7,AU,NB1_Ha6083,189,N,Y
australis,NSW,NELSON BAY,NB,NB2,21,3,2019,25,AU,NB2_Ha6085,189,N,Y
australis,NSW,NELSON BAY,NB,NB3,21,3,2019,26.7,AU,NB3_Ha6091,189,N,Y
australis,NSW,NELSON BAY,NB,NB4,21,3,2019,20.9,AU,NB4_Ha6092,189,N,Y
australis,NSW,NELSON BAY,NB,NB5,21,3,2019,23.5,AU,NB5_Ha6095,189,N,Y
australis,NSW,NELSON BAY,NB,NB6,21,3,2019,29.8,AU,NB6_Ha6096,189,N,Y
australis,NSW,NELSON BAY,NB,NB7,21,3,2019,26.4,AU,NB7_Ha6097,189,N,Y
australis,NSW,NELSON BAY,NB,NB8,21,3,2019,27.3,AU,NB8_Ha6098,189,N,Y
australis,NSW,NELSON BAY,NB,NB9,21,3,2019,25.4,AU,NB9_Ha6099,189,N,Y
australis,NSW,NELSON BAY,NB,NB10,28,3,2019,25.6,AU,NB10_Ha6102,189,N,Y
australis,NSW,NELSON BAY,NB,NB11,28,3,2019,26.2,AU,NB11_Ha6123,189,N,Y
australis,NSW,NELSON BAY,NB,NB12,28,3,2019,26.6,AU,NB12_Ha6125,189,N,Y
australis,NSW,NELSON BAY,NB,NB13,28,3,2019,23.5,AU,NB13_Ha6131,189,N,Y
australis,NSW,NELSON BAY,NB,NB14,28,3,2019,22.3,AU,NB14_Ha6132,189,Y,Y
australis,NSW,NELSON BAY,NB,NB15,28,3,2019,21,AU,NB15_Ha6133,189,N,Y
australis,NSW,NELSON BAY,NB,NB16,28,3,2019,24.2,AU,NB16_Ha6134,189,N,Y
australis,NSW,NELSON BAY,NB,NB17,28,3,2019,25,AU,NB17_Ha6135,189,N,Y
australis,NSW,NELSON BAY,NB,NB18,28,3,2019,21.9,AU,NB18_Ha6138,189,Y,Y
australis,NSW,NELSON BAY,NB,NB19,28,3,2019,23,AU,NB19_Ha6140,189,N,Y
australis,NSW,NELSON BAY,NB,NB20,28,3,2019,22.6,AU,NB20_Ha6141,189,N,Y
australis,NSW,NELSON BAY,NB,NB21,4,4,2019,28.2,AU,NB21_Ha6144,189,N,Y
australis,NSW,NELSON BAY,NB,NB22,4,4,2019,20.2,AU,NB22_Ha6146,189,Y,Y
australis,NSW,NELSON BAY,NB,NB23,4,4,2019,23.3,AU,NB23_Ha6152,189,N,Y
australis,NSW,NELSON BAY,NB,NB24,4,4,2019,25.5,AU,NB24_Ha6153,189,N,Y
australis,NSW,NELSON BAY,NB,NB25,4,4,2019,22.5,AU,NB25_Ha6154,189,N,Y
australis,NSW,NELSON BAY,NB,NB26,4,4,2019,23.4,AU,NB26_Ha6155,189,N,Y
australis,NSW,NELSON BAY,NB,NB27,4,4,2019,21,AU,NB27_Ha6156,189,N,Y
australis,NSW,NELSON BAY,NB,NB28,4,4,2019,24,AU,NB28_Ha6157,189,N,Y
australis,NSW,NELSON BAY,NB,NB29,4,4,2019,24.6,AU,NB29_Ha6158,189,N,Y
australis,NSW,NELSON BAY,NB,NB30,4,4,2019,20.3,AU,NB30_Ha6161,189,Y,Y
australis,NSW,SYDNEY,SY,S1,30,4,2019,29.1,AU,S1_Ha6203,189,N,N
australis,NSW,SYDNEY,SY,S2,30,4,2019,24.4,AU,S2_Ha6204,189,Y,Y
australis,NSW,SYDNEY,SY,S3,30,4,2019,27.7,AU,S3_Ha6205,189,Y,Y
australis,NSW,SYDNEY,SY,S4,30,4,2019,25.8,AU,S4_Ha6206,189,N,Y
australis,NSW,SYDNEY,SY,S5,30,4,2019,22.9,AU,S5_Ha6207,189,N,Y
australis,NSW,SYDNEY,SY,S6,30,4,2019,23.4,AU,S6_Ha6208,189,N,Y
australis,NSW,SYDNEY,SY,S7,30,4,2019,25.6,AU,S7_Ha6209,189,N,Y
NA,NSW,SYDNEY,SY,S9,30,4,2019,27.6,AU,S9_Ha6211,189,N,Y
australis,NSW,SYDNEY,SY,S10,30,4,2019,27,AU,S10_Ha6212,189,Y,Y
australis,NSW,SYDNEY,SY,S11,30,4,2019,27.4,AU,S11_Ha6213,189,N,Y
australis,NSW,SYDNEY,SY,S12,30,4,2019,29.3,AU,S12_Ha6214,189,Y,N
australis,NSW,SYDNEY,SY,S13,30,4,2019,27,AU,S13_Ha6215,189,Y,Y
australis,NSW,SYDNEY,SY,S14,30,4,2019,26.5,AU,S14_Ha6216,189,Y,N
australis,NSW,SYDNEY,SY,S15,30,4,2019,22.2,AU,S15_Ha6217,189,Y,Y
australis,NSW,SYDNEY,SY,S16,30,4,2019,21.6,AU,S16_Ha6218,189,Y,Y
australis,NSW,SYDNEY,SY,S17,30,4,2019,27.3,AU,S17_Ha6219,189,Y,Y
australis,NSW,SYDNEY,SY,S18,30,4,2019,27.5,AU,S18_Ha6220,189,Y,Y
australis,NSW,SYDNEY,SY,S19,30,4,2019,36,AU,S19_Ha6221,189,N,Y
australis,NSW,SYDNEY,SY,S20,30,4,2019,25.4,AU,S20_Ha6222,189,Y,Y
australis,NSW,WOLLONGONG,WO,W1,24,1,2019,26.8,AU,W1_Ha5874,189,N,Y
australis,NSW,WOLLONGONG,WO,W2,24,1,2019,20.5,AU,W2_Ha5875,189,N,Y
australis,NSW,WOLLONGONG,WO,W3,24,1,2019,28.6,AU,W3_Ha5876,189,Y,Y
australis,NSW,WOLLONGONG,WO,W4,24,1,2019,28.2,AU,W4_Ha5877,189,N,Y
australis,NSW,WOOLONGONG,WO,W5,24,1,2019,21.6,AU,W5_Ha5879,189,N,Y
australis,NSW,WOLLONGONG,WO,W6,24,1,2019,30,AU,W6_Ha5880,189,N,Y
australis,NSW,WOLLONGONG,WO,W7,24,1,2019,25,AU,W7_Ha5885,189,N,Y
australis,NSW,WOLLONGONG,WO,W8,24,1,2019,23.6,AU,W8_Ha5886,189,N,Y
australis,NSW,WOLLONGONG,WO,W9,24,1,2019,22.1,AU,W9_Ha5888,189,Y,Y
australis,NSW,WOLLONGONG,WO,W10,24,1,2019,23.5,AU,W10_Ha5889,189,Y,Y
australis,NSW,WOLLONGONG,WO,W11,12,2,2019,20.6,AU,W11_Ha5934,189,N,Y
australis,NSW,WOLLONGONG,WO,W12,12,2,2019,23.2,AU,W12_Ha5935,189,Y,Y
australis,NSW,WOLLONGONG,WO,W13,12,2,2019,24.9,AU,W13_Ha5939,189,N,Y
australis,NSW,WOLLONGONG,WO,W14,12,2,2019,24.8,AU,W14_Ha5940,189,N,Y
australis,NSW,WOLLONGONG,WO,W15,12,2,2019,28.3,AU,W15_Ha5941,189,Y,N
australis,NSW,WOLLONGONG,WO,W16,12,2,2019,25.2,AU,W16_Ha5943,189,N,Y
australis,NSW,WOLLONGONG,WO,W17,12,2,2019,27.2,AU,W17_Ha5945,189,N,Y
australis,NSW,WOLLONGONG,WO,W18,12,2,2019,26.6,AU,W18_Ha5947,189,N,Y
australis,NSW,WOLLONGONG,WO,W19,12,2,2019,27.4,AU,W19_Ha5948,189,Y,Y
australis,NSW,WOLLONGONG,WO,W20,12,2,2019,28,AU,W20_Ha5949,189,N,Y
australis,NSW,WOLLONGONG,WO,W21,14,3,2019,27.8,AU,W21_Ha6063,189,N,Y
australis,NSW,WOLLONGONG,WO,W22,14,3,2019,23.5,AU,W22_Ha6066,189,N,Y
australis,NSW,WOLLONGONG,WO,W23,14,3,2019,27.6,AU,W23_Ha6067,189,N,Y
australis,NSW,WOLLONGONG,WO,W24,14,3,2019,25.2,AU,W24_Ha6068,189,N,Y
australis,NSW,WOLLONGONG,WO,W25,14,3,2019,24.5,AU,W25_Ha6072,189,N,Y
australis,NSW,WOLLONGONG,WO,W26,14,3,2019,27,AU,W26_Ha6074,189,N,Y
australis,NSW,WOLLONGONG,WO,W27,14,3,2019,26.5,AU,W27_Ha6075,189,N,Y
australis,NSW,WOLLONGONG,WO,W28,14,3,2019,24.2,AU,W28_Ha6077,189,Y,Y
australis,NSW,WOLLONGONG,WO,W29,14,3,2019,27.7,AU,W29_Ha6078,189,N,Y
australis,NSW,WOLLONGONG,WO,W30,14,3,2019,32.1,AU,W30_Ha6082,189,N,N
australis,NSW,KIAMA,KI,K1,15,1,2019,27.2,AU,K1_Ha5811,189,Y,Y
australis,NSW,KIAMA,KI,K2,15,1,2019,28.7,AU,K2_Ha5814,189,N,Y
australis,NSW,KIAMA,KI,K3,15,1,2019,20,AU,K3_Ha5819,189,N,Y
australis,NSW,KIAMA,KI,K4,15,1,2019,25.2,AU,K4_Ha5820,189,N,Y
australis,NSW,KIAMA,KI,K5,15,1,2019,23.1,AU,K5_Ha5822,189,N,Y
australis,NSW,KIAMA,KI,K6,15,1,2019,26.4,AU,K6_Ha5825,189,N,Y
melanochir,NSW,KIAMA,KI,K7,15,1,2019,19.9,AU,K7_Ha5826,189,N,Y
australis,NSW,KIAMA,KI,K8,15,1,2019,20.1,AU,K8_Ha5827,189,N,Y
australis,NSW,KIAMA,KI,K9,16,1,2019,21.2,AU,K9_Ha5828,189,N,Y
australis,NSW,KIAMA,KI,K10,15,1,2019,26.6,AU,K10_Ha5830,189,N,Y
australis,NSW,KIAMA,KI,K11,29,1,2019,32.1,AU,K11_Ha5891,189,N,Y
australis,NSW,KIAMA,KI,K12,29,1,2019,26.3,AU,K12_Ha5894,189,N,Y
australis,NSW,KIAMA,KI,K13,29,1,2019,26,AU,K13_Ha5895,189,N,Y
australis,NSW,KIAMA,KI,K14,29,1,2019,23.6,AU,K14_Ha5896,189,N,Y
australis,NSW,KIAMA,KI,K15,29,1,2019,24.6,AU,K15_Ha5899,189,N,Y
australis,NSW,KIAMA,KI,K16,29,1,2019,27.2,AU,K16_Ha5900,189,N,Y
australis,NSW,KIAMA,KI,K17,29,1,2019,26.2,AU,K17_Ha5903,189,N,Y
australis,NSW,KIAMA,KI,K18,29,1,2019,25.1,AU,K18_Ha5904,189,Y,Y
australis,NSW,KIAMA,KI,K19,29,1,2019,25.7,AU,K19_Ha5905,189,N,Y
australis,NSW,KIAMA,KI,K20,29,1,2019,24.5,AU,K20_Ha5906,189,N,Y
australis,NSW,KIAMA,KI,K21,28,2,2019,28.3,AU,K21_Ha6030,189,Y,Y
australis,NSW,KIAMA,KI,K22,28,2,2019,27.4,AU,K22_Ha6031,189,N,Y
australis,NSW,KIAMA,KI,K23,28,2,2019,29.9,AU,K23_Ha6032,189,N,Y
australis,NSW,KIAMA,KI,K24,28,2,2019,25.7,AU,K24_Ha6033,189,N,Y
australis,NSW,KIAMA,KI,K25,28,2,2019,31.5,AU,K25_Ha6034,189,N,Y
australis,NSW,KIAMA,KI,K26,28,2,2019,28,AU,K26_Ha6035,189,N,Y
australis,NSW,KIAMA,KI,K27,28,2,2019,26.5,AU,K27_Ha6036,189,N,Y
australis,NSW,KIAMA,KI,K28,28,2,2019,30.1,AU,K28_Ha6037,189,Y,Y
australis,NSW,KIAMA,KI,K29,28,2,2019,27,AU,K29_Ha6038,189,N,Y
australis,NSW,KIAMA,KI,K30,28,2,2019,29,AU,K30_Ha6042,189,Y,N
australis,NSW,ULLADULLA,UL,U1,10,1,2019,24.5,AU,U1_Ha5840,189,N,Y
australis,NSW,ULLADULLA,UL,U2,10,1,2019,28.5,AU,U2_Ha5844,189,N,Y
australis,NSW,ULLADULLA,UL,U3,10,1,2019,24.3,AU,U3_Ha5846,189,N,Y
australis,NSW,ULLADULLA,UL,U4,10,1,2019,26,AU,U4_Ha5847,189,N,Y
australis,NSW,ULLADULLA,UL,U5,10,1,2019,22.6,AU,U5_Ha5849,189,N,Y
australis,NSW,ULLADULLA,UL,U6,15,1,2019,24.6,AU,U6_Ha5862,189,N,Y
australis,NSW,ULLADULLA,UL,U7,15,1,2019,21.7,AU,U7_Ha5863,189,N,Y
australis,NSW,ULLADULLA,UL,U8,15,1,2019,22.6,AU,U8_Ha5867,189,N,Y
australis,NSW,ULLADULLA,UL,U9,15,1,2019,25.2,AU,U9_Ha5869,189,N,Y
melanochir,NSW,ULLADULLA,UL,U10,15,1,2019,25.2,AU,U10_Ha5870,189,N,Y
australis,NSW,ULLADULLA,UL,U11,7,2,2019,24.4,AU,U11_Ha5915,189,N,Y
australis,NSW,ULLADULLA,UL,U12,7,2,2019,23.3,AU,U12_Ha5924,189,N,Y
australis,NSW,ULLADULLA,UL,U13,7,2,2019,25.7,AU,U13_Ha5926,189,Y,Y
australis,NSW,ULLADULLA,UL,U14,7,2,2019,23,AU,U14_Ha5927,189,N,Y
australis,NSW,ULLADULLA,UL,U15,7,2,2019,24.4,AU,U15_Ha5930,189,N,Y
australis,NSW,ULLADULLA,UL,U16,12,2,2019,24.5,AU,U16_Ha5951,189,N,Y
australis,NSW,ULLADULLA,UL,U17,12,2,2019,23.6,AU,U17_Ha5953,189,Y,Y
australis,NSW,ULLADULLA,UL,U18,12,2,2019,20.5,AU,U18_Ha5954,189,N,Y
australis,NSW,ULLADULLA,UL,U19,12,2,2019,21.6,AU,U19_Ha5955,189,Y,Y
australis,NSW,ULLADULLA,UL,U20,12,2,2019,25,AU,U20_Ha5964,189,N,Y
australis,NSW,ULLADULLA,UL,U21,21,2,2019,23.6,AU,U21_Ha5986,189,Y,Y
australis,NSW,ULLADULLA,UL,U22,21,2,2019,25.9,AU,U22_Ha6003,189,N,Y
australis,NSW,ULLADULLA,UL,U23,21,2,2019,26.8,AU,U23_Ha6005,189,N,Y
australis,NSW,ULLADULLA,UL,U24,21,2,2019,28,AU,U24_Ha6007,189,N,Y
australis,NSW,ULLADULLA,UL,U25,21,2,2019,24.8,AU,U25_Ha6008,189,Y,Y
australis,NSW,ULLADULLA,UL,U26,16,4,2019,27.6,AU,U26_Ha6184,189,N,Y
australis,NSW,ULLADULLA,UL,U27,17,4,2019,26.6,AU,U27_Ha6188,189,N,Y
australis,NSW,ULLADULLA,UL,U28,16,4,2019,29.6,AU,U28_Ha6192,189,N,Y
australis,NSW,ULLADULLA,UL,U29,16,4,2019,24.5,AU,U29_Ha6193,189,Y,Y
australis,NSW,ULLADULLA,UL,U30,16,4,2019,20.5,AU,U30_Ha6198,189,N,Y
australis,NSW,FORSTER,FO,F21,27,2,2020,28.2,AU,F21,189,Y,
australis,NSW,FORSTER,FO,F22,27,2,2020,25.1,AU,F22,189,Y,
australis,NSW,FORSTER,FO,F23,27,2,2020,25.7,AU,F23,189,N,
australis,NSW,FORSTER,FO,F24,27,2,2020,25.9,AU,F24,189,N,
australis,NSW,FORSTER,FO,F25,27,2,2020,26.7,AU,F25,189,N,
australis,NSW,FORSTER,FO,F26,27,2,2020,26.5,AU,F26,189,N,
australis,NSW,FORSTER,FO,F27,27,2,2020,25.7,AU,F27,189,N,
australis,NSW,FORSTER,FO,F28,27,2,2020,30.3,AU,F28,189,N,
australis,NSW,FORSTER,FO,F29,27,2,2020,27.1,AU,F29,189,N,
australis,NSW,FORSTER,FO,F30,27,2,2020,24.6,AU,F30,189,N,
australis,NSW,NELSON BAY,NB,NB31,15,8,2019,28.2,AU,NB31,189,N,
australis,NSW,NELSON BAY,NB,NB32,15,8,2019,25.7,AU,NB32,189,N,
australis,NSW,NELSON BAY,NB,NB33,15,8,2019,30.1,AU,NB33,189,N,
australis,NSW,NELSON BAY,NB,NB34,15,8,2019,27.1,AU,NB34,189,N,
australis,NSW,NELSON BAY,NB,NB35,15,8,2019,26.2,AU,NB35,189,N,
australis,NSW,NELSON BAY,NB,NB36,15,8,2019,27.4,AU,NB36,189,N,
australis,NSW,NELSON BAY,NB,NB37,15,8,2019,27.5,AU,NB37,189,N,
australis,NSW,NELSON BAY,NB,NB38,15,8,2019,28.1,AU,NB38,189,N,
australis,NSW,NELSON BAY,NB,NB39,15,8,2019,25.4,AU,NB39,189,N,
melanochir,NSW,NELSON BAY,NB,NB40,15,8,2019,26.5,AU,NB40,189,N,N
NA,VIC,CORNER INLET,VI,V01,26,8,2019,24.9,ME,V01,189,N,
melanochir,VIC,CORNER INLET,VI,V02,26,8,2019,25.9,ME,V02,189,N,
melanochir,VIC,CORNER INLET,VI,V03,26,8,2019,24.4,ME,V03,189,N,
melanochir,VIC,CORNER INLET,VI,V04,26,8,2019,22.3,ME,V04,189,N,
melanochir,VIC,CORNER INLET,VI,V05,26,8,2019,23,ME,V05,189,N,
NA,VIC,CORNER INLET,VI,V06,26,8,2019,25.6,ME,V06,189,N,
melanochir,VIC,CORNER INLET,VI,V07,26,8,2019,24,ME,V07,189,N,
melanochir,VIC,CORNER INLET,VI,V08,26,8,2019,27,ME,V08,189,N,
NA,VIC,CORNER INLET,VI,V09,26,8,2019,25.4,ME,V09,189,N,
melanochir,VIC,CORNER INLET,VI,V10,26,8,2019,22,ME,V10,189,N,
melanochir,VIC,CORNER INLET,VI,V11,26,8,2019,22.7,ME,V11,189,N,
melanochir,VIC,CORNER INLET,VI,V12,26,8,2019,24.3,ME,V12,189,N,
melanochir,VIC,CORNER INLET,VI,V13,26,8,2019,27.4,ME,V13,189,N,
melanochir,VIC,CORNER INLET,VI,V14,26,8,2019,27.2,ME,V14,189,N,
melanochir,VIC,CORNER INLET,VI,V15,26,8,2019,26.5,ME,V15,189,N,
melanochir,VIC,CORNER INLET,VI,V16,26,8,2019,23.6,ME,V16,189,N,
melanochir,VIC,CORNER INLET,VI,V17,26,8,2019,23.3,ME,V17,189,N,
melanochir,VIC,CORNER INLET,VI,V18,26,8,2019,25.3,ME,V18,189,N,
melanochir,VIC,CORNER INLET,VI,V19,26,8,2019,26.6,ME,V19,189,N,
melanochir,VIC,CORNER INLET,VI,V20,26,8,2019,25.7,ME,V20,189,N,
melanochir,VIC,CORNER INLET,VI,V21,26,8,2019,20.5,ME,V21,189,N,
melanochir,VIC,CORNER INLET,VI,V22,26,8,2019,25.7,ME,V22,189,N,
melanochir,VIC,CORNER INLET,VI,V23,26,8,2019,22.9,ME,V23,189,N,
melanochir,VIC,CORNER INLET,VI,V24,26,8,2019,25.2,ME,V24,189,N,
melanochir,VIC,CORNER INLET,VI,V25,26,8,2019,22.1,ME,V25,189,N,
melanochir,VIC,CORNER INLET,VI,V26,26,8,2019,25.9,ME,V26,189,N,
melanochir,VIC,CORNER INLET,VI,V27,26,8,2019,23.3,ME,V27,189,N,
melanochir,VIC,CORNER INLET,VI,V28,26,8,2019,25,ME,V28,189,N,
melanochir,VIC,CORNER INLET,VI,V29,26,8,2019,23.1,ME,V29,189,Y,
melanochir,VIC,CORNER INLET,VI,V30,26,8,2019,22.8,ME,V30,189,N,
melanochir,VIC,CORNER INLET,VI,V31,26,8,2019,25.8,ME,V31,189,N,
melanochir,SA,ADELAIDE,SA,SA01,19,2,2020,26.2,ME,SA01,189,N,
melanochir,SA,ADELAIDE,SA,SA02,19,2,2020,24.3,ME,SA02,189,N,
melanochir,SA,ADELAIDE,SA,SA03,19,2,2020,24.5,ME,SA03,189,N,
melanochir,SA,ADELAIDE,SA,SA04,19,2,2020,24.9,ME,SA04,189,N,
melanochir,SA,ADELAIDE,SA,SA05,19,2,2020,25.2,ME,SA05,189,N,
melanochir,SA,ADELAIDE,SA,SA06,19,2,2020,27,ME,SA06,189,N,
melanochir,SA,ADELAIDE,SA,SA07,19,2,2020,25.1,ME,SA07,189,Y,
melanochir,SA,ADELAIDE,SA,SA08,19,2,2020,24.6,ME,SA08,189,N,
melanochir,SA,ADELAIDE,SA,SA09,19,2,2020,24.7,ME,SA09,189,N,
melanochir,SA,ADELAIDE,SA,SA10,19,2,2020,24.5,ME,SA10,189,N,
melanochir,SA,ADELAIDE,SA,SA11,19,2,2020,27,ME,SA11,189,N,
melanochir,SA,ADELAIDE,SA,SA12,19,2,2020,24.1,ME,SA12,189,N,
melanochir,SA,ADELAIDE,SA,SA13,19,2,2020,24,ME,SA13,189,N,
melanochir,SA,ADELAIDE,SA,SA14,19,2,2020,24.4,ME,SA14,189,N,
melanochir,SA,ADELAIDE,SA,SA15,19,2,2020,25.4,ME,SA15,189,N,
NA,SA,ADELAIDE,SA,SA16,19,2,2020,26.5,ME,SA16,189,N,
NA,SA,ADELAIDE,SA,SA17,19,2,2020,25.8,ME,SA17,189,N,
melanochir,SA,ADELAIDE,SA,SA18,19,2,2020,25.3,ME,SA18,189,N,
melanochir,SA,ADELAIDE,SA,SA19,19,2,2020,24.7,ME,SA19,189,N,
NA,SA,ADELAIDE,SA,SA20,19,2,2020,25.4,ME,SA20,189,N,
melanochir,WA,PERTH,WA,WA01,22,4,2019,22.9,ME,WA01,189,N,
melanochir,WA,PERTH,WA,WA02,22,4,2019,25.8,ME,WA02,189,N,
melanochir,WA,PERTH,WA,WA03,22,4,2019,24.5,ME,WA03,189,N,
melanochir,WA,PERTH,WA,WA04,22,4,2019,26.4,ME,WA04,189,N,
melanochir,WA,PERTH,WA,WA05,22,4,2019,28,ME,WA05,189,N,
melanochir,WA,PERTH,WA,WA06,22,4,2019,22,ME,WA06,189,N,
melanochir,WA,PERTH,WA,WA07,22,4,2019,23,ME,WA07,189,N,
melanochir,WA,PERTH,WA,WA08,22,4,2019,23.5,ME,WA08,189,N,
melanochir,WA,PERTH,WA,WA09,22,4,2019,26.7,ME,WA09,189,N,
melanochir,WA,PERTH,WA,WA10,22,4,2019,27.7,ME,WA10,189,Y,
melanochir,WA,PERTH,WA,WA11,22,4,2019,28,ME,WA11,189,N,
melanochir,WA,PERTH,WA,WA12,22,4,2019,24.9,ME,WA12,189,N,
melanochir,WA,PERTH,WA,WA13,22,4,2019,23.2,ME,WA13,189,N,
melanochir,WA,PERTH,WA,WA14,22,4,2019,28.4,ME,WA14,189,N,
melanochir,WA,PERTH,WA,WA15,22,4,2019,24.4,ME,WA15,189,N,
melanochir,WA,PERTH,WA,WA16,22,4,2019,27.8,ME,WA16,189,N,
melanochir,WA,PERTH,WA,WA17,22,4,2019,30.6,ME,WA17,189,N,
melanochir,WA,PERTH,WA,WA18,22,4,2019,23.2,ME,WA18,189,Y,
melanochir,WA,PERTH,WA,WA19,22,4,2019,29,ME,WA19,189,N,
melanochir,WA,PERTH,WA,WA20,22,4,2019,22.6,ME,WA20,189,N,
melanochir,WA,PERTH,WA,WA21,22,4,2019,28.9,ME,WA21,189,N,
melanochir,WA,PERTH,WA,WA22,22,4,2019,25.2,ME,WA22,189,N,
melanochir,WA,PERTH,WA,WA23,22,4,2019,26.1,ME,WA23,189,N,
melanochir,WA,PERTH,WA,WA24,22,4,2019,22.3,ME,WA24,189,N,
NA,NSW,EDEN,ED,E1,27,6,2019,26.7,,E1_Ha6263,189,N,N
melanochir,NSW,EDEN,ED,E2,27,6,2019,26.3,ME,E2_Ha6264,189,N,
melanochir,NSW,EDEN,ED,E3,27,6,2019,25.8,ME,E3_Ha6265,189,N,
melanochir,NSW,EDEN,ED,E4,27,6,2019,25.5,ME,E4_Ha6266,189,N,
melanochir,NSW,EDEN,ED,E5,27,6,2019,27.6,ME,E5_Ha6267,189,N,
melanochir,NSW,EDEN,ED,E6,27,6,2019,28.2,ME,E6_Ha6269,189,Y,
NA,NSW,EDEN,ED,E7,28,6,2019,26.2,,E7_Ha6270,189,Y,N
melanochir,NSW,EDEN,ED,E8,28,6,2019,27.7,ME,E8_Ha6274,189,N,
NA,NSW,EDEN,ED,E9,27,6,2019,24.5,,E9_Ha6277,189,N,N
melanochir,NSW,EDEN,ED,E10,27,6,2019,28,ME,E10_Ha6278,189,N,
australis,NSW,EDEN,ED,E11,27,6,2019,25.5,AU,E11_Ha6279,189,N,
melanochir,NSW,EDEN,ED,E12,27,6,2019,25.2,ME,E12_Ha6280,189,N,
melanochir,NSW,EDEN,ED,E13,27,6,2019,26,ME,E13_Ha6281,189,Y,
melanochir,NSW,EDEN,ED,E14,27,6,2019,26.4,ME,E14_Ha6282,189,Y,
melanochir,NSW,EDEN,ED,E15,25,7,2019,23.9,ME,E15_Ha6486,189,N,
australis,NSW,EDEN,ED,E16,25,7,2019,27.7,AU,E16_Ha6487,189,N,
australis,NSW,EDEN,ED,E17,25,7,2019,25.7,AU,E17_Ha6488,189,N,
melanochir,NSW,EDEN,ED,E18,25,7,2019,27.2,ME,E18_Ha6489,189,N,
NA,NSW,EDEN,ED,E19,25,7,2019,26.3,,E19_Ha6490,189,N,N
australis,NSW,EDEN,ED,E20,25,7,2019,32.2,AU,E20_Ha6491,189,N,
australis,NSW,EDEN,ED,E31,17,5,2018,27.6,AU,E31,189,Y,
australis,NSW,EDEN,ED,E32,17,5,2018,24.3,AU,E32,189,Y,
melanochir,NSW,EDEN,ED,E33,17,5,2018,21.9,ME,E33,189,Y,
australis,NSW,EDEN,ED,E34,17,5,2018,24.7,AU,E34,189,N,
australis,NSW,EDEN,ED,E35,17,5,2018,25.5,AU,E35,189,N,
australis,NSW,EDEN,ED,E36,17,5,2018,25.6,AU,E36,189,N,
melanochir,NSW,EDEN,ED,E37,17,5,2018,23.8,ME,E37,189,N,
NA,NSW,EDEN,ED,E38,17,5,2018,24.1,,E38,189,N,N
australis,NSW,EDEN,ED,E39,17,5,2018,24.6,AU,E39,189,N,
australis,NSW,EDEN,ED,E40,17,5,2018,18.3,AU,E40,189,Y,
NA,NSW,EDEN,ED,E41,26,7,2019,23.3,,E41,189,N,N
melanochir,NSW,EDEN,ED,E42,26,7,2019,23.6,ME,E42,189,N,
australis,NSW,EDEN,ED,E43,26,7,2019,25.6,AU,E43,189,N,
melanochir,NSW,EDEN,ED,E44,26,7,2019,26.8,ME,E44,189,Y,
melanochir,NSW,EDEN,ED,E45,26,7,2019,26.1,ME,E45,189,N,
